{
    "Mu\u00f1eca": {
        "x": 0.307902455329895,
        "y": -0.0323714017868042,
        "z": 0.28208422660827637
    },
    "Pulgar_CMC": {
        "x": 0.11510670930147171,
        "y": -0.3507307469844818,
        "z": 0.22535547614097595
    },
    "Pulgar_MCP": {
        "x": 0.09341800957918167,
        "y": -0.46975207328796387,
        "z": 0.06891289353370667
    },
    "Pulgar_IP": {
        "x": 0.10790646076202393,
        "y": -0.4976569712162018,
        "z": -0.25904029607772827
    },
    "Pulgar_Punta": {
        "x": 0.08465611934661865,
        "y": -0.49318885803222656,
        "z": -0.4499078094959259
    },
    "Indice_MCP": {
        "x": 0.5396662950515747,
        "y": -0.3117021322250366,
        "z": -0.094454824924469
    },
    "Indice_PIP": {
        "x": 0.6661056280136108,
        "y": -0.35140857100486755,
        "z": -0.459307461977005
    },
    "Indice_DIP": {
        "x": 0.6814433336257935,
        "y": -0.36271920800209045,
        "z": -0.6726030707359314
    },
    "Indice_Pumta": {
        "x": 0.6525090932846069,
        "y": -0.36604535579681396,
        "z": -0.8321959972381592
    },
    "Medio_MCP": {
        "x": 0.5523089170455933,
        "y": -0.12092950940132141,
        "z": -0.08624691516160965
    },
    "Medio_PIP": {
        "x": 0.6422330141067505,
        "y": -0.12336936593055725,
        "z": -0.4521922767162323
    },
    "Medio_DIP": {
        "x": 0.6228593587875366,
        "y": -0.127426415681839,
        "z": -0.7041721940040588
    },
    "Medio_Punta": {
        "x": 0.5077172517776489,
        "y": -0.14990030229091644,
        "z": -0.9079148769378662
    },
    "Anular_MCP": {
        "x": 0.5160161256790161,
        "y": 0.07355755567550659,
        "z": -0.10325703024864197
    },
    "Anular_PIP": {
        "x": 0.5642579793930054,
        "y": 0.06994856894016266,
        "z": -0.4720146358013153
    },
    "Anular_DIP": {
        "x": 0.5310376882553101,
        "y": 0.046816885471343994,
        "z": -0.6650417447090149
    },
    "Anular_Punta": {
        "x": 0.4390331506729126,
        "y": 0.06203509867191315,
        "z": -0.8119223713874817
    },
    "Me\u00f1ique_MCP": {
        "x": 0.436771035194397,
        "y": 0.21938703954219818,
        "z": -0.14224976301193237
    },
    "Me\u00f1ique_PIP": {
        "x": 0.45282137393951416,
        "y": 0.2558562457561493,
        "z": -0.4478534162044525
    },
    "Me\u00f1ique_DIP": {
        "x": 0.45411932468414307,
        "y": 0.23034238815307617,
        "z": -0.5783466696739197
    },
    "Me\u00f1ique_Punta": {
        "x": 0.40775012969970703,
        "y": 0.17472094297409058,
        "z": -0.6982052326202393
    }
}